Name,Email,SSN,Phone,MedicalID
Melissa Walker,hansenpaul@gmail.com,369-67-1399,+1-829-090-4275,MED5250276
Shawn Guzman,meagan90@gmail.com,483-47-2868,868-711-9796,MED3900734
Hunter Garcia,emontoya@yahoo.com,217-99-5858,269-317-2751,MED1237172
Tonya Foster,ruth47@gmail.com,784-58-6751,2943534288,MED7712871
Cassidy Rivera,xcole@meadows.com,166-29-1753,2621094233,MED9645292
Donna Garrison,johnvalenzuela@sanchez.com,544-50-3557,371.024.8973x60685,MED6096349
Brian Barron,wbecker@gmail.com,623-69-5659,3213732914,MED9776627
Sydney Clark,shaneconway@knapp.org,175-43-6338,569-110-9737,MED9822989
Jade Martinez,bjohnson@gmail.com,721-87-1674,828.766.1779,MED2632940
Kevin Murray,scott75@hotmail.com,189-36-4202,001-795-813-5521x6024,MED7731431
Christopher Long,amandasmith@hotmail.com,207-42-1273,(906)032-6016x430,MED9964776
Taylor Miranda,mmcpherson@hotmail.com,598-42-1744,+1-912-909-3799x8111,MED8564260
Nathan Butler,kevinparsons@hotmail.com,330-96-2748,606.806.4558,MED2464419
James Booth,nathan33@walsh-reeves.com,391-87-3003,001-858-558-8986x54952,MED4918523
Christine Lee,stephanielopez@yahoo.com,708-65-2432,2727106623,MED5863162
Sarah Johnson,coreyreese@gmail.com,617-53-6503,(878)964-4901,MED8529845
Sarah Hogan,mary67@yahoo.com,130-72-3428,3238922655,MED2579326
Harold Rivera II,christina20@phillips.com,869-42-3648,001-116-217-2992,MED1962508
Andrew Sandoval,jortiz@daugherty.com,284-61-6369,+1-420-472-8801x543,MED4619588
Stephanie Gonzalez,lindaleonard@yahoo.com,169-64-5691,4462712299,MED5560613
Damon Scott,andre49@wright.net,742-47-7273,9251900701,MED3649287
Stacy Kim,christopher07@hotmail.com,769-84-5488,217.147.2157x2734,MED1883680
Pamela Lester,heatheryoung@hernandez.biz,958-95-5164,7828865789,MED4031035
Kevin Mcknight,jerrymarquez@hotmail.com,151-77-7393,301.920.7884x0352,MED4773439
Sara Scott,hbrown@yahoo.com,628-88-5086,(486)454-6753x1351,MED5752151
Christopher Cantrell Jr.,fernandezashley@johnson-osborn.com,259-39-2032,0082043652,MED5269160
Megan Jacobs,edward93@ramirez.com,739-30-2208,(106)851-5109,MED4324907
Ryan Jones,vanessa53@neal.com,510-94-1444,001-625-375-0555x8537,MED9188238
Philip Hickman,ksmith@gmail.com,460-58-6866,823.316.7520x48396,MED1344719
Erica Hernandez,ortizjocelyn@yahoo.com,337-98-4518,894-017-1062x1842,MED8604645
Ruth Peterson,williamstephens@gmail.com,492-77-6546,(468)902-5655x248,MED9109857
Jeff Vaughan,maddenshelby@rodriguez-gonzalez.com,417-38-2412,+1-691-399-8768x4339,MED1039831
Corey Johnson,osimpson@moreno.com,670-71-3749,601.456.9618x40639,MED4428729
Robert Massey,jenny81@gmail.com,542-63-5205,784-708-5767x439,MED4000882
Cassandra Bernard,heathernelson@yahoo.com,135-10-9537,398-531-2985x567,MED1785026
Austin Adkins,amandaharrison@sanchez-garcia.net,525-41-8327,344-091-4246x878,MED1742019
James Edwards,sking@yahoo.com,389-50-9239,(374)300-4374,MED2349982
Clayton Walsh,thomas55@gmail.com,917-94-2533,(250)649-8094,MED1596011
Melissa Hansen,denise08@howard-lawrence.com,712-26-2517,001-271-935-3733x4776,MED2545804
Maria Leonard,eweaver@gates.com,328-22-9519,+1-367-151-4802x473,MED7379791
