Name,Email,SSN,Phone
James Garcia,cwarren@knight.biz,826-52-8405,+1-878-574-6575x46609
Maria Jackson,william22@yahoo.com,353-76-7346,935-336-7348
Michael Moreno,johnnguyen@gmail.com,765-58-8908,(055)840-0329
Debra Fox,dperez@smith.com,498-69-9859,001-926-569-5253
Dalton Irwin,lauriehancock@montgomery.com,797-74-7565,930-963-3061
Ruth Miller,srodriguez@campbell.net,647-14-1116,001-920-855-0927
Jacqueline Franklin,lmaxwell@hotmail.com,268-82-5534,862-994-6969x938
Amy Floyd,kevin97@hotmail.com,186-93-7894,001-536-316-5878x5769
Victoria Moore,steven81@castillo.net,955-86-7836,739.248.5578
Samantha Mann,fordbrandon@hotmail.com,557-70-7028,(853)969-0647
Tammy Randall,walkerjacob@yahoo.com,619-14-9603,973.558.7944
Paul Ryan,maurice82@ramirez.com,548-90-7764,001-334-309-6282x4905
Michael Cox,alfredsweeney@vazquez-mcdonald.com,544-16-8346,(946)410-5468
Michael Ford,morenotracy@gmail.com,606-80-7511,236-490-1541
Whitney Stevens DDS,jeanking@hotmail.com,210-79-8222,+1-902-404-6613
Christopher Gamble,vwilliams@spencer-vazquez.com,771-44-4098,257.508.7006x2920
Maria Woods,gonzalezamy@yahoo.com,834-12-2922,487-551-4786x09422
Isabella Sullivan,romerojohn@jenkins.com,388-39-8354,950.283.4294
Janice Walters,batestara@hill-hill.net,678-18-8670,558-001-0213x69244
Brenda Lopez,ilamb@hotmail.com,662-49-4516,065.097.7845x88352
Robyn Turner,joshua16@martinez-french.com,873-26-7875,916.484.4639x1216
Amber Potts,byoung@mcdaniel-walter.com,498-25-6025,+1-633-504-1109x4411
Billy Medina,kimberlygarcia@yahoo.com,835-80-1920,+1-616-203-4082x1856
Maurice Rice,wellskathleen@lewis.org,920-44-4889,014.345.2585
Kathryn White,johnmooney@yahoo.com,228-22-7226,812.368.4794
Nathan Everett,martingarcia@gmail.com,617-49-2057,220.717.6695x7559
Tommy Lowe,roberthill@mata.info,124-79-2541,3289519752
Clayton Richardson,jackvelez@hotmail.com,917-20-9970,(903)646-6689
Daniel Patel,keithruiz@yahoo.com,860-76-6999,(715)492-3558x6479
Peter Becker,susanharris@delgado-white.com,409-15-1451,702.368.5969
Hannah Gonzalez,larryaustin@yahoo.com,306-20-9270,(590)427-2824
Paul Martinez,trevorblackwell@gmail.com,451-80-1812,833.120.2695
David Campos,lshields@bass.com,516-51-5971,+1-275-508-2932
Samantha Martin,thomasbauer@yahoo.com,242-10-3173,(955)151-5786x78900
Daryl Williams,daltonhuffman@russell-roberts.com,981-71-4716,019-774-4519
Jeffrey Wilkinson,cochrancharles@gmail.com,338-40-5494,+1-712-133-5766x04850
Darin Hayes,igilbert@gmail.com,740-76-3700,056.518.4360x1023
Jonathan Higgins,jeremymurray@parsons.com,522-91-7703,001-382-415-8001x12704
Linda Ramsey,piercekelly@marshall.com,809-41-3446,+1-379-473-4179x1489
Erika Hatfield,shannon27@hotmail.com,490-10-1821,001-979-526-2947
Cassandra Anderson,julianshaw@nelson.com,991-44-8316,150-145-3416
William Parker,johnstonian@watts.com,362-78-4830,9578240234
Nancy Davis,milesbruce@benson.com,332-68-4535,(384)853-9315x03250
William Yang,lopezbrenda@gmail.com,815-85-3573,(539)016-5103x10149
Maria Mccann,brianryan@davis.com,749-90-5487,001-550-062-5797x4100
Frank Proctor,stacey28@hotmail.com,684-99-7630,+1-981-484-2929x42987
Jacob Horton,watkinstracy@morrison-henry.info,332-73-7983,001-873-146-3349x072
Michelle Hood,stephanievargas@yahoo.com,693-74-3011,744.870.9242x2727
Samuel Sanchez,sanchezjames@robinson-austin.com,764-90-7642,4753066763
Marc Warren,wendycarter@yahoo.com,772-95-2978,059-220-0123x5350
